year,AT,BE,BG,CH,CY,CZ,DE,DK,EE,EL,ES,FI,FR,HR,HU,IE,IS,IT,LI,LT,LU,LV,MT,NL,NO,PL,PT,RO,SE,SI,SK,UK
2020,0.820484340330183,0.8258262374599237,0.7849025496813044,0.8107146378630298,0.7985924449284484,0.594326512754387,0.854740955407106,0.7884947721718476,0.7519435678193078,0.7639118495447673,0.8077913836119315,0.8081862036888924,0.8030417295862968,0.7668325824840899,0.5767496407695513,0.7874295924517749,0.927348221052439,0.7968885416766783,0.7994179765792935,0.746338925893878,0.8950427082072748,0.7654740386152076,0.8078598169870923,0.9046404880956536,0.9099493187836662,0.5786237345411505,0.8218657089711696,0.5849306581612037,0.9397828002033639,0.7984506326819333,0.6025807002704887,0.8270365449300136
2021,1.0,1.0,1.0,1.0,1.0,1.0,1.0,1.0,1.0,1.0,1.0,1.0,1.0,1.0,1.0,1.0,1.0,1.0,1.0,1.0,1.0,1.0,1.0,1.0,1.0,1.0,1.0,1.0,1.0,1.0,1.0,1.0
2022,1.1601551108786146,1.1479265406137882,1.1049197661627301,1.1691082389564782,1.0865743094684313,1.026860981667308,1.2394935603763093,1.1900131263251608,1.07287531185757,1.053658564008264,1.0448997432208909,1.0835106630553397,1.178159755739837,1.076038288222681,1.0552905727601576,1.1953591008224085,1.0706934712758596,1.0456186102592002,1.1789584824392314,1.130831562678459,1.3602238435962708,1.1024019048975597,1.1249500165926833,1.238659343822511,1.0882742598310313,1.0541805638269932,1.091482929550957,1.0795837545771243,1.0563789697923294,1.0502158175496341,1.0292828025528873,1.1537590815799417
2023,1.4678807171691932,1.4558968881390046,1.2403239260243684,1.4930553968632048,1.1933791119654116,1.1117811461703497,1.9562298536314948,1.5509776598716862,1.1741565474460134,1.1315921818131887,1.3103101326668423,1.274981956922633,1.5142137739772152,1.174282861040923,1.1744732527088626,1.557317570642506,1.1360968576648078,1.32597304336467,1.521493996755083,1.306726346161654,1.556565364489513,1.2338306074704033,1.3337799357840212,1.3908356983638417,1.1708752847065487,1.1785044046505404,1.2737955858798466,1.2250773702340423,1.1058079736269844,1.3295566539926462,1.1162189505047535,1.4487443241995874
2024,1.6958726324278397,1.6678670240972118,1.3388819243323813,1.733540970712284,1.2469452976734225,1.230877125199149,2.915643214409459,1.8208399189793818,1.2037204171749787,1.1311954147183525,1.6649014202642236,1.3736449597979021,1.7681404236355882,1.2026799253340716,1.3334534145730086,1.83949332054877,1.1568263433839001,1.7009991968805758,1.7752726079700352,1.4544579763424874,1.6472076510088687,1.3164739044613074,1.4845922842971582,1.4886895256315573,1.2003558819025295,1.3535962901745306,1.3806417301234317,1.4162405655951174,1.1102792669274646,1.702428238883653,1.2377207606187146,1.6660865945231724
2025,1.7779332469145184,1.7102338080072095,1.455098330888468,1.8211379424063798,1.2942553399077965,1.3215805992358955,3.363108279804412,1.923227414118181,1.23903974162769,1.130656906711636,1.9168910842842883,1.4368257749367916,2.2297153872507334,1.2281484473546482,1.4676843865499398,1.9622467772330898,1.1449779294347324,1.9661458468737598,1.8667187141306105,1.6433532579458054,1.6966593227672604,1.413397772919748,1.6132093257279558,1.5670034221624818,1.191545693026029,1.5219480914230932,1.4571405123289478,1.59496403488162,1.0820953679664203,1.9707414080338521,1.3328537551469164,1.7419163269718372
2026,1.9902765624213217,1.8937827219975614,1.591027939298897,2.0453647186465065,1.3305909518603896,1.505208547405531,4.106066267249681,2.1764537836755635,1.2808035588726618,1.1299361941653783,2.345449856506152,1.5043751606649975,2.5115476554863965,1.2498057901517703,1.6945957955074227,2.223503797026351,1.1269381114108248,2.4190622712447936,2.102179656269837,1.881256929229375,1.7746786859237609,1.527864764482378,1.744672512575881,1.66339416815103,1.176608470921552,1.809100711226342,1.5347689912119395,1.8736592698340724,1.047709596581739,2.4232888935696786,1.5195931044912483,1.9417706236817285
2027,2.035170641983568,1.8857941260041293,1.7486370541024496,2.0939757870350486,1.351466410120496,1.6024961953491987,4.332194608747646,2.237159146703327,1.329622540272173,1.1289837834776955,2.53204376256868,1.5243915506228354,2.5613062381562166,1.2668064429363837,1.83091552211752,2.297507825753492,1.1037505640956728,2.613430815497586,2.150875898381703,2.173779302016356,1.8264704256721893,1.6634707634392496,1.8391137351200724,1.7468263945570663,1.1571407503073436,2.0408498647999793,1.569513065664016,2.0841794985953355,1.0091524609677558,2.6275150232352975,1.6226667743252785,1.9788974498049083
2028,1.9815515147106197,1.7664998777398049,1.9294775027491897,2.039096650964884,1.3533726988610024,1.678785291263198,4.325981988228208,2.184636230805555,1.3859204036499255,1.1277397848839956,2.547271771906478,1.5135407829851957,2.5469980556932414,1.2783800298917474,1.934408933803664,2.251234274868409,1.0743917955462108,2.6246282676107304,2.0888537535318408,2.5220362537241012,1.8361359345136634,1.8233455871380988,1.9039947106522985,1.807528154489645,1.132304473045931,2.284178119215044,1.5739392486104509,2.281841428765197,0.9666373453609877,2.6564754780656057,1.7045718664612883,1.9193014159402202
2029,1.9190157941520738,1.6397056180770821,2.1342158847126105,1.9744688880615657,1.3344132428252498,1.759551634633126,4.23524924395916,2.1219642470986253,1.4497923524307577,1.126132541909322,2.527923607558968,1.4965720425850102,2.514852732938229,1.2838673983499933,2.023439920089357,2.1796120665648866,1.0378246005968899,2.5987652676343402,2.0149315101875995,2.9203805759140606,1.7823002886716208,2.009028619210498,1.9534728022084353,1.8323337885218174,1.1012756531459633,2.563650090971225,1.5680791143043418,2.4850015846113753,0.9204883255125296,2.6514910986740157,1.788409073512784,1.8487950826113595
2030,1.8422709930284258,1.502488306074447,2.362054713191756,1.8943416510414257,1.2946825613888526,1.850307546494252,4.074313568998306,2.042821822865086,1.5208427783291067,1.1240773211004809,2.491571810016082,1.4750217500264278,2.457523393524195,1.2827520571464879,2.0973832535027905,2.0781833136717345,0.9931044188233917,2.554941927876469,1.9225431674323579,3.354708682118838,1.5808222373968357,2.2192008795889278,1.986466706503504,1.772496134040959,1.0632984083630408,2.8801473801223727,1.5536111114205358,2.693100822809466,0.8711307272807282,2.6303921656126126,1.8773256388319235,1.761887694546828
2031,1.756568281236346,1.3633520744455274,2.6101262363093123,1.8040402968575189,1.2362963133363245,1.950274689405882,3.89354454116876,1.953044753806169,1.5980246431682466,1.121475141486815,2.4463869073478732,1.448111177752845,2.3903097711677397,1.274684486161732,2.1511233961595617,1.9550953766306858,0.9395295043832421,2.5023051493877153,1.8168758696531004,3.8019701754710122,1.3807074992686086,2.448560117462845,2.0010560897673977,1.7073902576098297,1.0177494346480345,3.223861588858766,1.5308573867488569,2.899462038124303,0.8190787588426401,2.601000913469563,1.968038739973335,1.6633154950882507
2032,1.6624628685273068,1.224995382649863,2.872977999713681,1.7040141474957036,1.1630645124884424,2.0560113105279734,3.695611753488033,1.8530723525349457,1.679511368538941,1.118211838831292,2.393021510969343,1.415066930726705,2.312705883292049,1.2594973475946356,2.1795510748163163,1.8141765716205185,0.8768232428212694,2.442021707871548,1.6980762702241847,4.231367658645317,1.1872428520488874,2.6871767413346266,1.9962038836575657,1.6373011020974468,0.964214937613341,3.57800630661781,1.5005522611034192,3.095094224818497,0.7649201662272804,2.56305497723775,2.0547230823223313,1.5534508690411388
2033,1.5608251458854976,1.0898561483731775,3.142289007326365,1.5951116792472202,1.0798847427991123,2.1627878956677087,3.4831562816196673,1.7437372384563008,1.7626358981801387,1.1141574749728695,2.3309831773246374,1.3751657070036207,2.2244680312316514,1.237210342021364,2.1795136722033632,1.6595912303379579,0.8053198117043442,2.3740406899238615,1.5669407955552594,4.607402527012661,1.004863519225347,2.920634305333677,1.9718420464532673,1.5623298606033502,0.9025817442669595,3.921146268963515,1.4636920366041513,3.270503472695639,0.7092982133260213,2.514808218504556,2.130812334280117,1.4331957128662531
2034,1.452820355248546,0.9600458346339282,3.4069459961694193,1.4785754746113668,0.9919940543249457,2.2648247376882877,3.2591775614951164,1.6262526773538797,1.8439284961829352,1.1091662156578062,2.259956753403772,1.3277887108733506,2.1256550815043918,1.2080242863060917,2.150147444542844,1.495252788720717,0.7261092742197817,2.298472067414409,1.4250161479976067,4.894460775947507,0.836991846004812,3.1311270775496207,1.9288716166268987,1.4823455296081767,0.8331397943538039,4.229223397176202,1.4213610640152425,3.416416132588384,0.6528915511382717,2.454455637306462,2.1897116548610067,1.3040298019589696
2035,1.3398741623604418,0.8373046962192113,3.6535659648279912,1.3560157145566312,0.9042400806692374,2.355712684673423,3.0269206992617086,1.5021806606779164,1.9192737151612758,1.1030768087820761,2.1798331622932396,1.2724846170613835,2.0166604217561876,1.1723048579325503,2.092844770568981,1.3245055076003551,0.641092026676058,2.2155872150991356,1.2746579081940375,5.06216610770243,0.6859692877076246,3.2994763104206815,1.869076593206078,1.3970147907178205,0.7566825745808298,4.478346512659918,1.374563373929273,3.524545176478281,0.5963927433506645,2.380267326125683,2.2255933346033405,1.1680347416532864
2036,1.2236240490734418,0.722978661148071,3.867477327803028,1.2293602848161864,0.8205105950314211,2.428976912503976,2.789760803891351,1.3733798818249794,1.9841886255960544,1.0957137958486693,2.090733318234707,1.2090383784149763,1.8982324610843424,1.1305572786931217,2.0108864702773137,1.1501848918325728,0.5529010812849708,2.125816253436373,1.1190181111966557,5.090409277168006,0.5530762107613101,3.4077841889970313,1.7949617541416858,1.3059209609328069,0.6745778730775126,4.6478718326357225,1.3240858387996306,3.5883080094251345,0.5404863571446717,2.2907526408186123,2.2341248379111387,1.0278779125701796
2037,1.1058576802273559,0.618016867991221,4.034080731619469,1.1007812370395946,0.7434068258485892,2.4787105138954715,2.5510875691712904,1.2419344461760418,2.0342017449170053,1.0868895791385214,1.9930254033135764,1.1375409332929531,1.7714804116313838,1.083393960587509,1.908839528198373,0.9750463445646321,0.4646761316012672,2.0297416110215187,0.9619337092285256,4.972919163324441,0.43862559675124263,3.4422386851619646,1.7095335656480735,1.208759462581009,0.5887727810195952,4.723183791909812,1.2704119722867082,3.6034054229258525,0.4858276039627787,2.18483168911286,2.2129857956153605,0.8867366219130043
2038,0.9884406854506128,0.5229876443825526,4.140421513558411,0.9725995832704165,0.6741788895014799,2.500184124360289,2.3141943741297006,1.1100660113465917,2.0652897282436165,1.0764074419693879,1.8873337432518331,1.0584522259712326,1.637862363911992,1.031497806430312,1.7918580568755678,0.8023995267293439,0.37971221070518685,1.928087466227799,0.8076997417564405,4.7185181459501795,0.3421111411561092,3.3954825612817046,1.6160495106455262,1.1055733385334814,0.5017045747694524,4.6976226172744795,1.213696801523873,3.5681876919995346,0.4330225201115027,2.0619891281807106,2.1620771601928923,0.7481454002087721
2039,0.8732375207424512,0.4381097773505803,4.176741202088828,0.84717301040965,0.6128824054096824,2.4903361128941,2.0821763896252037,0.9800339201166621,2.074312058068011,1.0640655764153686,1.7745377072204485,0.9726474635120215,1.4991533923657323,0.9755844641236103,1.665024621464945,0.6366209790339558,0.30104767124887544,1.8217049730843067,0.6607336759847001,4.34973942922793,0.2623877819463141,3.268009717561975,1.5177636706600321,0.9969740914780038,0.4161136438382488,4.573192031768807,1.1538042633987895,3.483762482090024,0.3826106105865622,1.9223930840435297,2.0833977975308584,0.6157614023557572
2040,0.7620300980836167,0.3632953366246013,4.137753824068597,0.7267737487847677,0.5586785789266888,2.4480666312883965,1.8578418585116847,0.8540295368832053,2.0593773091512757,1.0496621104699873,1.6557594252650445,0.8814350718802203,1.357392623244011,0.9163673686142606,1.5328375963790035,0.4831465499331973,0.23108510408885,1.711553417278728,0.5251661532320065,3.8991211410293336,0.19786320433703353,3.068251735782625,1.417695073846567,0.8842870184754773,0.3347842365563989,4.359960361014883,1.09040033311418,3.353835197952084,0.33505074563292153,1.7669765440734084,1.9806385894132892,0.493062972434553
2041,0.6564395437902983,0.2982000748005752,4.023423228032866,0.6134660721809749,0.5101907980067228,2.3742940363571554,1.6436400054880074,0.7340721847968993,2.0200806723360056,1.0330010461306034,1.5323396580655657,0.7865353898676455,1.214809836403854,0.8545297768132792,1.3989029377569104,0.347718404412921,0.17133813001110437,1.598677683924293,0.4044199435927549,3.4040365926793235,0.1466817717883005,2.811317145955402,1.3184406400671667,0.7695712941963804,0.2602598222206248,4.07435351282429,1.0230881589143288,3.1843092254120613,0.2907109081641079,1.5974938299053405,1.8585993554878286,0.38301939843668065
2042,0.5578566351612607,0.24227751646278078,3.839096608717595,0.5089942579660739,0.4658445933617558,2.2717753881583103,1.44160804581066,0.6219145800097491,1.9575709880449743,1.013898926654243,1.4058018444403033,0.6900125440213212,1.0737341540971486,0.7907079871195245,1.2658407374011986,0.2350780883507435,0.1223596837913214,1.4841826418275945,0.3008536830718151,2.9012101163799575,0.10688681239213643,2.5166603063679345,1.2220474736973006,0.6554931116603344,0.1945860200120523,3.7367456323759853,0.9515660421565217,2.9827047629621357,0.2498621562547307,1.416574378468865,1.7225560205124288,0.2877878153231558
2043,0.4673860824972624,0.1948332087447649,3.5949609151466526,0.4146918693185104,0.4241442526666949,2.1447335150584435,1.2533386095129135,0.518965311533738,1.8744331998452428,0.9921919558992983,1.277805152649103,0.594158343232168,0.936489505818086,0.725489200305986,1.135378261284961,0.14769143199005838,0.08384547332106738,1.3692052485035313,0.21554261648171855,2.42203264148817,0.07655235587419962,2.2051936700337427,1.1299510185733181,0.545067377693636,0.13912423653418152,3.3688348945729514,0.8757852502237105,2.75747556358154,0.21267690741402165,1.2277918052652037,1.5776935709537185,0.20849828081106372
2044,0.38580885185544606,0.15507616763396226,3.3049082700192605,0.33142169298383684,0.38386706366655304,1.9983623882493853,1.0799676884504084,0.42623466705550017,1.7744031868790702,0.9677432114044577,1.1500882157167214,0.5013356284361645,0.8052835803787725,0.6594256802446351,1.008575585336632,0.0851240770624402,0.05484982341499672,1.2548853439639458,0.148243377968678,1.9894711102168936,0.053880462904518325,1.8964501518600194,1.0429774783004049,0.44131759875525167,0.094456148670461,2.991248199806758,0.796082707007287,2.517310174354129,0.1792313913536644,1.0357368499358495,1.4286843768311126,0.14517576709054725
2045,0.3135652302032554,0.12216523918194339,2.9849972821156516,0.2595526125507114,0.3441768203183717,1.8382948573030573,0.9221820508324748,0.3443080390608351,1.6619597456126358,0.9404495463300463,1.0244060676472397,0.41379752766499045,0.6820985620900485,0.59306386905208,0.8861167489364543,0.044304666090842194,0.034030658545878424,1.142336217665604,0.09754940381539765,1.6168883071412863,0.037264598847549235,1.6063333721030335,0.9614020167109676,0.3469242998356679,0.06037579779437197,2.6216888125538893,0.7132643744889523,2.270498092377569,0.14951187668418228,0.8460245155326287,1.2794461904882126,0.09681957102312526
2046,0.2507594723963989,0.09524882577488078,2.6517575969565064,0.19897547991538653,0.3046686839311331,1.670111540862717,0.7802440431966802,0.2733484844240053,1.5418572199202603,0.9102477855688503,0.9024635353967749,0.3335060812125371,0.5685927692374547,0.5269831939414571,0.768596673827556,0.020447146822386332,0.019863165657850745,1.0326160921204448,0.06119965842303364,1.3086139833133392,0.025322706272450438,1.3457970040689637,0.8850493410716909,0.2639337862212575,0.03595976126689382,2.273780291166156,0.6286197581420909,2.0244239482359974,0.12342384363871542,0.6651030730572387,1.1330727998685297,0.06162412853205415
2047,0.1971848619554637,0.07349713684994899,2.320594168968065,0.14915531296219475,0.2653592682491159,1.4989504500634556,0.6540308854618864,0.21312709290755844,1.4186683360424508,0.8771199058422092,0.7858488962842662,0.26197640048383525,0.46602210207066247,0.4618353299335726,0.6567410690526798,0.008223087335329626,0.010804307879084952,0.9267016618157571,0.03646983607316765,1.06176616315661,0.01690559744454101,1.1205406348762599,0.8134206679857763,0.19357968228263595,0.019715885324119352,1.9566153254786047,0.543857279981658,1.7852283245507075,0.10080482128571339,0.49972410009455775,0.9919006892345974,0.037292037786314375
2048,0.15236612571444264,0.056126757262756004,2.004507383358708,0.10921270684244615,0.22663310632041853,1.3292498947411184,0.5430850092021992,0.16307704869649642,1.2963996756280396,0.8410970538536675,0.6759719029079843,0.20016958985145458,0.37518882657182856,0.3983719650691531,0.5515134276304996,0.002857030202388111,0.005418882030624711,0.8254647545873327,0.020562569208946464,0.8686782644835083,0.011087097244210866,0.9315768962335749,0.7458307052271731,0.13623416479522396,0.009812498768401482,1.6749146565530224,0.46096389421188777,1.5576467545749477,0.0814361363159392,0.3560347695627142,0.8576592084340592,0.021371266506131536
2049,0.11561462089388579,0.04241784825621147,1.7132685654197748,0.07802399732065123,0.1891538522616091,1.1646290471772476,0.4466704837690583,0.12236504047188634,1.1782244266954196,0.8022624851764508,0.574010243810342,0.1484494400139169,0.2964227188777979,0.33744901767027147,0.4540897536887414,0.0008703754235697338,0.002477334442019814,0.7296530464384754,0.010924253981668722,0.7193338662358522,0.007142236641686947,0.7763723112525868,0.6815397600762317,0.09146869771104585,0.004363373277732869,1.429642940958378,0.3820080076641443,1.345013249315065,0.06505783223583371,0.23845813250671902,0.7316482408210665,0.011549814218562132
2050,0.08609076236617717,0.031724661610222034,1.452770472875775,0.054328052615523835,0.1537484085778343,1.0078866309488164,0.36383836935043273,0.08997230366861449,1.0660745323857375,0.760013763368489,0.48086811050700007,0.10660644915045298,0.2295962306592799,0.27999782028223913,0.36571478240407645,0.00024601591087913897,0.001019741665253275,0.6398755668995786,0.005445165916840979,0.6033765396544407,0.004519013640119027,0.6501852737426199,0.6198688321597414,0.058184973948794086,0.0017032280629984142,1.2189053564070982,0.3089184728844864,1.1493941886897925,0.05138300146753428,0.14873068209455875,0.614893824046587,0.00586068242946902
